	-whole	-p	-q	-p_focal	-q_focal	-cross_focal	+whole	+p	+q	+p_focal	+q_focal	+cross_focal
0	0.06809538722782202	0.009742679771143771	0.032801317602244445	0.08467316590075888	0.4121414726870842	0.00206080698867161	0.00912781565787993	0.028503817200404215	0.001956523141871301	0.22998128863141942	0.11730761963986934	0.003608105550830949
1	0.32321559513800013	0.02071538023292231	0.020357741263666965	0.14543670349946763	0.257902891047252	0.001511075567970289	0.01920994564186681	0.00986685630138125	0.0034578060495040258	0.07681068789786918	0.11726946764230867	0.004245849717790764
2	0.0709300361781758	0.05552778347057574	0.005902598813479688	0.09564402380688822	0.13223281824518093	0.0017943353198119076	0.020393964606634726	0.006174485208365729	0.0070007494886936165	0.08886848520393859	0.5109065350820812	0.004624184576173875
3	0.09112903998841851	0.017776290097531233	0.0147112688938806	0.18546862057190383	0.4867195029432072	0.0036450102935886466	0.011642739602138099	0.010858556702568356	0.0025912391155141134	0.06430252592212712	0.10697439170078077	0.004180814168341597
4	0.05845757506169145	0.010413062591512298	0.0035591549626136296	0.08429641512428508	0.09405635873864843	0.0011967242471829628	0.35070204000644895	0.01131344197073995	0.01669472485901406	0.16292427254012468	0.20097376798583177	0.005412461911906698
5	0.036533796118506524	0.012254461679607698	0.004978345198500862	0.1134610536146697	0.1251363243729942	0.002445463267283808	0.026429274737296247	0.005103568118775984	0.006389002783238409	0.32273262029578786	0.3397947950298896	0.004741294783449181
6	0.05356898672264238	0.05723385994864475	0.004498089907050905	0.3238622845878658	0.08945065163929322	0.002802144530226371	0.02346612679229759	0.0038076500348276157	0.03304941845122797	0.08898632177491576	0.3126459645269537	0.00662850108405393
7	0.11322741995572572	0.017839848934499816	0.014536765816471989	0.3335254757232382	0.28076420713860417	0.0044307505131694885	0.012218955372599476	0.00392465954641207	0.005390126881532245	0.10530452607474575	0.10264120320322245	0.006196060839778698
